pitcher_id,pitcher_trackman_id,신뢰등급,매칭순도,주 ID 일치 투구,전체 정렬 투구,충돌 투구,매칭 경기,주 ID 경기,후보 ID 수,2순위 ID,2순위 투구,1·2순위 차이,전체 train 투구
20700,99445,확정,1,535,535,0,34,34,1,,0,535,959
20938,70425,확정,1,438,438,0,22,22,1,,0,438,638
21095,71118,확정,1,88,88,0,8,8,1,,0,88,263
21170,71837,확정,1,20,20,0,1,1,1,,0,20,20
21178,71845,확정,1,50,50,0,3,3,1,,0,50,165
21279,72447,확정,1,489,489,0,45,45,1,,0,489,802
21372,72523,확정,1,2360,2360,0,144,144,1,,0,2360,4455
21402,73117,확정,1,2457,2457,0,170,170,1,,0,2457,4732
21414,73738,확정,1,1566,1566,0,90,90,1,,0,1566,2412
21415,73750,확정,1,108,108,0,4,4,1,,0,108,246
21432,73801,확정,1,1927,1927,0,119,119,1,,0,1927,3741
21441,73211,확정,1,3703,3703,0,120,120,1,,0,3703,7208
21549,74454,확정,1,1699,1699,0,20,20,1,,0,1699,2671
21558,74359,확정,1,913,913,0,64,64,1,,0,913,1456
21571,74838,확정,1,32,32,0,2,2,1,,0,32,71
21587,74731,표본 부족,1,6,6,0,1,1,1,,0,6,150
21588,74748,확정,1,38,38,0,2,2,1,,0,38,101
21595,74630,확정,1,138,138,0,13,13,1,,0,138,368
21622,74513,확정,1,1288,1288,0,54,54,1,,0,1288,2119
21624,74543,높음,1,12,12,0,1,1,1,,0,12,24
21654,75342,확정,1,675,675,0,49,49,1,,0,675,1361
21690,75867,확정,1,3130,3130,0,209,209,1,,0,3130,5331
21699,75138,확정,1,543,543,0,32,32,1,,0,543,1008
21733,75250,확정,1,178,178,0,11,11,1,,0,178,322
21754,75258,확정,1,459,459,0,9,9,1,,0,459,1143
21789,76430,확정,1,2696,2696,0,170,170,1,,0,2696,5314
21795,76455,확정,1,2703,2703,0,30,30,1,,0,2703,4512
21813,76225,확정,1,1135,1135,0,52,52,1,,0,1135,3085
21830,76858,확정,1,526,526,0,35,35,1,,0,526,993
21840,76757,확정,1,875,875,0,50,50,1,,0,875,1602
21857,,미매칭,,0,0,0,0,0,0,,0,0,22
21874,76355,확정,1,796,796,0,21,21,1,,0,796,1216
21875,76329,확정,1,822,822,0,80,80,1,,0,822,1387
21916,77446,확정,1,6013,6013,0,69,69,1,,0,6013,11088
21936,77318,확정,1,4786,4786,0,109,109,1,,0,4786,8551
21940,77211,확정,1,3351,3351,0,139,139,1,,0,3351,6363
21943,77263,확정,1,1791,1791,0,111,111,1,,0,1791,3171
21955,77829,확정,1,6219,6219,0,68,68,1,,0,6219,11115
21961,77637,확정,1,4128,4128,0,44,44,1,,0,4128,13876
21978,77591,확정,1,474,474,0,22,22,1,,0,474,758
21991,78517,확정,1,1274,1274,0,69,69,1,,0,1274,1876
21994,60559,확정,1,1756,1756,0,98,98,1,,0,1756,2992
21998,78148,확정,1,4134,4134,0,63,63,1,,0,4134,6688
22007,78819,확정,1,190,190,0,10,10,1,,0,190,494
22015,78247,확정,1,800,800,0,51,51,1,,0,800,2087
22028,78352,확정,1,2147,2147,0,132,132,1,,0,2147,4026
22029,78366,확정,1,102,102,0,7,7,1,,0,102,129
22094,79140,확정,1,2453,2453,0,143,143,1,,0,2453,4656
22099,79130,확정,1,255,255,0,16,16,1,,0,255,572
22110,79617,확정,1,164,164,0,5,5,1,,0,164,1135
22118,79847,확정,1,1649,1649,0,92,92,1,,0,1649,3508
22123,79825,확정,1,714,714,0,41,41,1,,0,714,1511
22131,79229,확정,1,3119,3119,0,35,35,1,,0,3119,6207
22136,79440,확정,1,567,567,0,16,16,1,,0,567,834
22143,79358,확정,1,1255,1255,0,92,92,1,,0,1255,2003
22154,79545,확정,1,1497,1497,0,88,88,1,,0,1497,2439
22156,79535,확정,1,93,93,0,1,1,1,,0,93,172
22163,79764,확정,1,4438,4438,0,86,86,1,,0,4438,7454
22180,79293,확정,1,678,678,0,50,50,1,,0,678,1098
22192,60841,확정,1,5831,5831,0,65,65,1,,0,5831,9596
22201,60339,확정,1,1149,1149,0,56,56,1,,0,1149,2145
22203,60255,높음,1,19,19,0,2,2,1,,0,19,26
22205,60336,확정,1,1503,1503,0,83,83,1,,0,1503,2478
22220,60634,확정,1,143,143,0,13,13,1,,0,143,569
22231,60768,확정,1,3727,3727,0,127,127,1,,0,3727,7277
22233,60757,확정,1,192,192,0,16,16,1,,0,192,322
22234,60845,확정,1,607,607,0,32,32,1,,0,607,1342
22249,60263,확정,1,6184,6184,0,77,77,1,,0,6184,9878
22250,60264,확정,1,35,35,0,1,1,1,,0,35,178
22253,60140,확정,1,1686,1686,0,90,90,1,,0,1686,3007
22254,60146,확정,1,2901,2901,0,173,173,1,,0,2901,4953
22261,60181,확정,1,534,534,0,30,30,1,,0,534,1046
22277,61101,확정,1,7868,7868,0,99,99,1,,0,7868,12743
22278,61145,확정,1,3446,3446,0,128,128,1,,0,3446,6480
22280,61156,확정,1,627,627,0,35,35,1,,0,627,1097
22292,61666,확정,1,1663,1663,0,62,62,1,,0,1663,3998
22293,61643,확정,1,3222,3222,0,162,162,1,,0,3222,7181
22302,60337,확정,1,1537,1537,0,114,114,1,,0,1537,3542
22305,,미매칭,,0,0,0,0,0,0,,0,0,42
22309,61456,확정,1,512,512,0,32,32,1,,0,512,1107
22311,61457,확정,1,797,797,0,87,87,1,,0,797,1342
22312,61411,확정,1,1186,1186,0,68,68,1,,0,1186,1801
22318,61365,확정,1,2950,2950,0,111,111,1,,0,2950,4866
22321,61329,확정,1,180,180,0,11,11,1,,0,180,287
22332,61700,확정,1,28,28,0,1,1,1,,0,28,28
22335,61214,확정,1,542,542,0,22,22,1,,0,542,1080
22345,61208,표본 부족,1,4,4,0,1,1,1,,0,4,23
22349,61565,높음,1,17,17,0,1,1,1,,0,17,47
22368,62146,확정,1,1670,1670,0,124,124,1,,0,1670,3369
22372,,미매칭,,0,0,0,0,0,0,,0,0,15
22380,62754,확정,1,3355,3355,0,65,65,1,,0,3355,9788
22389,62363,확정,1,5823,5823,0,139,139,1,,0,5823,9141
22397,62360,확정,1,3258,3258,0,174,174,1,,0,3258,5941
22404,62655,확정,1,719,719,0,49,49,1,,0,719,1479
22414,,미매칭,,0,0,0,0,0,0,,0,0,475
22419,62528,확정,1,3711,3711,0,168,168,1,,0,3711,6855
22427,62242,확정,1,1983,1983,0,117,117,1,,0,1983,3357
22428,62263,확정,1,181,181,0,9,9,1,,0,181,336
22435,62869,확정,1,5256,5256,0,111,111,1,,0,5256,8733
22458,464400,확정,1,975,975,0,11,11,1,,0,975,1465
22469,63145,확정,1,2440,2440,0,60,60,1,,0,2440,5864
22473,63138,확정,1,187,187,0,10,10,1,,0,187,639
22478,63103,확정,1,915,915,0,28,28,1,,0,915,2299
22487,63111,확정,1,873,873,0,12,12,1,,0,873,1135
22491,75340,확정,1,1142,1142,0,64,64,1,,0,1142,2232
22505,63348,확정,1,629,629,0,30,30,1,,0,629,1157
22508,63342,확정,1,1866,1866,0,113,113,1,,0,1866,3085
22524,,미매칭,,0,0,0,0,0,0,,0,0,240
22525,63248,확정,1,2156,2156,0,115,115,1,,0,2156,3989
22539,63730,확정,1,114,114,0,7,7,1,,0,114,186
22540,63765,확정,1,1742,1742,0,97,97,1,,0,1742,3522
22541,63749,확정,1,505,505,0,27,27,1,,0,505,1065
22547,76650,확정,1,2447,2447,0,206,206,1,,0,2447,4326
22548,62648,확정,1,44,44,0,2,2,1,,0,44,248
22551,,미매칭,,0,0,0,0,0,0,,0,0,92
22575,63464,확정,1,2569,2569,0,111,111,1,,0,2569,4649
22579,62595,확정,1,48,48,0,1,1,1,,0,48,145
22583,78536,확정,1,815,815,0,45,45,1,,0,815,1679
22592,76118,확정,1,2007,2007,0,134,134,1,,0,2007,4069
22595,62920,확정,1,846,846,0,49,49,1,,0,846,1448
22596,62937,확정,1,677,677,0,25,25,1,,0,677,1576
22597,62929,확정,1,140,140,0,6,6,1,,0,140,256
22598,62951,확정,1,1646,1646,0,100,100,1,,0,1646,3152
22615,62966,확정,1,265,265,0,11,11,1,,0,265,515
22617,63959,확정,1,2151,2151,0,172,172,1,,0,2151,3759
22621,63960,확정,1,1306,1306,0,93,93,1,,0,1306,2145
22622,63914,확정,1,291,291,0,20,20,1,,0,291,523
22624,63950,확정,1,2316,2316,0,132,132,1,,0,2316,6261
22640,64155,확정,1,149,149,0,7,7,1,,0,149,469
22651,64350,확정,1,2606,2606,0,71,71,1,,0,2606,4217
22666,64760,확정,1,640,640,0,27,27,1,,0,640,1119
22667,64596,확정,1,1300,1300,0,87,87,1,,0,1300,2462
22668,64565,확정,1,3242,3242,0,78,78,1,,0,3242,5290
22675,64893,확정,1,1871,1871,0,115,115,1,,0,1871,3417
22703,548384,확정,1,1317,1317,0,14,14,1,,0,1317,2933
22708,65764,확정,1,5103,5103,0,60,60,1,,0,5103,10202
22710,65707,확정,1,2033,2033,0,118,118,1,,0,2033,3960
22717,65343,확정,1,1522,1522,0,90,90,1,,0,1522,3441
22720,64001,확정,1,5089,5089,0,55,55,1,,0,5089,9087
22721,64017,확정,1,993,993,0,54,54,1,,0,993,2241
22722,64041,확정,1,82,82,0,3,3,1,,0,82,109
22729,65048,확정,0.9923879334649,3520,3547,27,146,145,2,69098,27,3493,6774
22730,65056,확정,1,5503,5503,0,74,74,1,,0,5503,8485
22731,65057,확정,1,397,397,0,26,26,1,,0,397,747
22734,65058,확정,1,666,666,0,39,39,1,,0,666,1271
22735,61895,확정,1,3107,3107,0,196,196,1,,0,3107,6578
22738,63543,확정,1,2895,2895,0,181,181,1,,0,2895,6045
22739,,미매칭,,0,0,0,0,0,0,,0,0,8
22741,65060,확정,1,2851,2851,0,193,193,1,,0,2851,5318
22742,65067,확정,1,74,74,0,5,5,1,,0,74,207
22743,65062,확정,1,2875,2875,0,177,177,1,,0,2875,5917
22759,64021,확정,1,7783,7783,0,83,83,1,,0,7783,14288
22761,65639,확정,1,1991,1991,0,70,70,1,,0,1991,2928
22763,,미매칭,,0,0,0,0,0,0,,0,0,24
22772,77927,확정,1,2230,2230,0,101,101,1,,0,2230,3690
22776,65042,확정,1,299,299,0,13,13,1,,0,299,580
22782,65769,확정,1,4029,4029,0,179,179,1,,0,4029,7509
22784,65696,확정,1,78,78,0,9,9,1,,0,78,231
22785,65392,확정,1,412,412,0,8,8,1,,0,412,957
22786,65661,높음,1,12,12,0,1,1,1,,0,12,41
22795,67122,확정,1,367,367,0,20,20,1,,0,367,1130
22810,62918,확정,1,144,144,0,3,3,1,,0,144,807
22815,,미매칭,,0,0,0,0,0,0,,0,0,298
22820,66145,확정,1,1905,1905,0,92,92,1,,0,1905,3918
22821,66160,확정,1,153,153,0,4,4,1,,0,153,188
22834,66291,확정,1,6029,6029,0,132,132,1,,0,6029,10198
22836,64267,확정,1,49,49,0,2,2,1,,0,49,129
22840,65241,확정,1,1115,1115,0,52,52,1,,0,1115,2795
22842,,미매칭,,0,0,0,0,0,0,,0,0,19
22851,76350,확정,1,561,561,0,33,33,1,,0,561,1073
22867,66305,확정,1,1065,1065,0,49,49,1,,0,1065,1952
22869,61396,확정,1,235,235,0,10,10,1,,0,235,295
22870,65348,확정,1,73,73,0,5,5,1,,0,73,294
22881,66398,확정,1,56,56,0,1,1,1,,0,56,355
22890,65320,확정,1,7497,7497,0,88,88,1,,0,7497,12939
22893,65514,표본 부족,1,9,9,0,1,1,1,,0,9,9
22899,64580,확정,1,1343,1343,0,73,73,1,,0,1343,3197
22901,65522,확정,1,395,395,0,17,17,1,,0,395,698
22904,66556,확정,1,37,37,0,1,1,1,,0,37,238
22905,63512,확정,1,888,888,0,58,58,1,,0,888,1866
22908,65516,확정,1,5775,5775,0,66,66,1,,0,5775,11157
22911,75321,확정,1,450,450,0,26,26,1,,0,450,869
22915,72862,확정,1,77,77,0,3,3,1,,0,77,163
22922,64047,확정,1,787,787,0,63,63,1,,0,787,1652
22923,65509,확정,1,79,79,0,5,5,1,,0,79,299
22925,64718,확정,1,1092,1092,0,33,33,1,,0,1092,1792
22926,66557,확정,1,248,248,0,14,14,1,,0,248,447
22932,66630,확정,1,278,278,0,14,14,1,,0,278,957
22933,66660,확정,1,293,293,0,11,11,1,,0,293,819
22960,66705,확정,1,104,104,0,4,4,1,,0,104,177
22964,66741,확정,1,650,650,0,25,25,1,,0,650,1145
22978,74167,확정,1,312,312,0,8,8,1,,0,312,631
22985,65703,확정,1,22,22,0,2,2,1,,0,22,22
22996,74857,확정,1,1997,1997,0,127,127,1,,0,1997,3778
23003,,미매칭,,0,0,0,0,0,0,,0,0,51
23005,66492,확정,1,626,626,0,30,30,1,,0,626,1139
23023,66444,확정,1,65,65,0,1,1,1,,0,65,219
23024,66493,확정,1,113,113,0,7,7,1,,0,113,318
23030,66451,확정,1,880,880,0,43,43,1,,0,880,1653
23035,65933,확정,1,3439,3439,0,41,41,1,,0,3439,5759
23041,64960,높음,1,17,17,0,1,1,1,,0,17,17
23043,65949,확정,1,2074,2074,0,126,126,1,,0,2074,3602
23047,64995,확정,1,1437,1437,0,83,83,1,,0,1437,2332
23053,65064,확정,1,97,97,0,2,2,1,,0,97,430
23054,65964,확정,1,339,339,0,19,19,1,,0,339,493
23082,77563,확정,1,139,139,0,11,11,1,,0,139,244
23090,73248,확정,1,472,472,0,29,29,1,,0,472,935
23091,65702,높음,1,16,16,0,1,1,1,,0,16,31
23092,63894,확정,1,1223,1223,0,56,56,1,,0,1223,3064
23094,66859,확정,1,907,907,0,29,29,1,,0,907,1413
23097,65844,확정,1,165,165,0,9,9,1,,0,165,242
23101,64896,확정,1,615,615,0,29,29,1,,0,615,1412
23105,64861,확정,1,2483,2483,0,50,50,1,,0,2483,4123
23107,,미매칭,,0,0,0,0,0,0,,0,0,36
23110,62056,확정,1,686,686,0,45,45,1,,0,686,1254
23112,64768,확정,1,2401,2401,0,65,65,1,,0,2401,4391
23115,65827,확정,1,28,28,0,2,2,1,,0,28,92
23116,65464,높음,1,10,10,0,1,1,1,,0,10,10
23117,61896,확정,1,39,39,0,1,1,1,,0,39,39
23122,64759,확정,1,217,217,0,13,13,1,,0,217,463
23137,65398,확정,1,533,533,0,25,25,1,,0,533,1014
23139,66801,확정,1,97,97,0,6,6,1,,0,97,272
23145,66858,확정,1,98,98,0,4,4,1,,0,98,551
23148,,미매칭,,0,0,0,0,0,0,,0,0,18
23150,63104,확정,1,90,90,0,4,4,1,,0,90,254
23151,66064,확정,1,181,181,0,7,7,1,,0,181,525
23154,64029,확정,1,370,370,0,21,21,1,,0,370,725
23157,66047,확정,1,347,347,0,20,20,1,,0,347,517
23158,66068,확정,1,192,192,0,13,13,1,,0,192,357
23175,66039,확정,1,27,27,0,1,1,1,,0,27,298
23177,66201,확정,1,230,230,0,11,11,1,,0,230,350
23182,62294,확정,1,38,38,0,3,3,1,,0,38,272
23190,63492,확정,1,1160,1160,0,68,68,1,,0,1160,1982
23194,,미매칭,,0,0,0,0,0,0,,0,0,51
23204,573348,확정,1,590,590,0,12,12,1,,0,590,1251
23206,66920,확정,1,2890,2890,0,52,52,1,,0,2890,4864
23225,67119,확정,1,2453,2453,0,153,153,1,,0,2453,4614
23229,67143,확정,1,3083,3083,0,40,40,1,,0,3083,5175
23231,67116,확정,1,1549,1549,0,57,57,1,,0,1549,3864
23232,67164,확정,1,421,421,0,23,23,1,,0,421,1276
23235,67246,확정,1,2841,2841,0,152,152,1,,0,2841,4832
23236,67259,확정,1,148,148,0,7,7,1,,0,148,331
23238,67266,확정,1,2361,2361,0,156,156,1,,0,2361,4377
23240,67260,확정,1,29,29,0,2,2,1,,0,29,163
23257,67954,확정,1,1042,1042,0,43,43,1,,0,1042,1452
23258,67956,확정,1,536,536,0,27,27,1,,0,536,854
23260,67962,확정,1,379,379,0,19,19,1,,0,379,671
23262,,미매칭,,0,0,0,0,0,0,,0,0,21
23267,67989,확정,1,45,45,0,1,1,1,,0,45,45
23284,67365,확정,1,572,572,0,34,34,1,,0,572,1243
23286,67360,확정,1,97,97,0,4,4,1,,0,97,249
23288,67391,확정,1,2345,2345,0,135,135,1,,0,2345,4742
23289,64051,확정,1,1121,1121,0,69,69,1,,0,1121,1748
23293,67646,확정,1,700,700,0,25,25,1,,0,700,2058
23294,67640,확정,1,194,194,0,8,8,1,,0,194,649
23302,67604,확정,1,97,97,0,1,1,1,,0,97,477
23305,,미매칭,,0,0,0,0,0,0,,0,0,84
23306,65616,확정,1,3157,3157,0,101,101,1,,0,3157,6217
23307,67603,확정,1,3707,3707,0,80,80,1,,0,3707,5691
23312,67828,확정,1,1617,1617,0,93,93,1,,0,1617,2957
23314,67863,확정,1,437,437,0,14,14,1,,0,437,896
23324,,미매칭,,0,0,0,0,0,0,,0,0,66
23331,67768,확정,1,154,154,0,7,7,1,,0,154,409
23332,67762,확정,1,313,313,0,10,10,1,,0,313,618
23334,67737,확정,1,1117,1117,0,55,55,1,,0,1117,1772
23336,67711,확정,1,316,316,0,18,18,1,,0,316,589
23342,67591,확정,1,222,222,0,7,7,1,,0,222,325
23343,67588,확정,1,118,118,0,4,4,1,,0,118,210
23347,67539,확정,1,3678,3678,0,62,62,1,,0,3678,6521
23348,493193,표본 부족,1,4,4,0,1,1,1,,0,4,4
23349,,미매칭,,0,0,0,0,0,0,,0,0,17
23352,,미매칭,,0,0,0,0,0,0,,0,0,16
23360,64464,확정,1,176,176,0,5,5,1,,0,176,215
23361,67467,확정,1,205,205,0,11,11,1,,0,205,426
23362,67443,확정,1,684,684,0,32,32,1,,0,684,932
23363,67421,확정,1,2107,2107,0,131,131,1,,0,2107,3924
23366,67454,확정,1,116,116,0,6,6,1,,0,116,210
23369,67419,확정,1,1031,1031,0,52,52,1,,0,1031,1843
23383,67048,확정,1,444,444,0,10,10,1,,0,444,733
23384,67066,확정,1,137,137,0,5,5,1,,0,137,159
23385,67045,확정,1,235,235,0,5,5,1,,0,235,741
23411,502010,확정,1,2944,2944,0,32,32,1,,0,2944,5306
23414,67703,확정,1,2542,2542,0,155,155,1,,0,2542,4434
23415,458676,확정,1,1774,1774,0,18,18,1,,0,1774,2982
23418,65109,확정,1,1207,1207,0,78,78,1,,0,1207,2947
23421,68130,확정,1,1326,1326,0,29,29,1,,0,1326,4464
23422,68135,확정,1,2739,2739,0,29,29,1,,0,2739,5076
23423,68157,확정,1,140,140,0,4,4,1,,0,140,512
23424,68159,확정,1,942,942,0,28,28,1,,0,942,2829
23426,65117,확정,1,1456,1456,0,62,62,1,,0,1456,3571
23428,68107,확정,1,28,28,0,2,2,1,,0,28,488
23429,68109,확정,1,656,656,0,30,30,1,,0,656,2235
23431,,미매칭,,0,0,0,0,0,0,,0,0,39
23437,66018,높음,0.9847246891651865,2772,2815,43,85,84,2,586512,43,2729,4832
23439,61268,확정,1,2280,2280,0,126,126,1,,0,2280,4275
23440,68341,확정,1,4553,4553,0,69,69,1,,0,4553,9308
23444,,미매칭,,0,0,0,0,0,0,,0,0,22
23446,,미매칭,,0,0,0,0,0,0,,0,0,123
23447,,미매칭,,0,0,0,0,0,0,,0,0,63
23449,,미매칭,,0,0,0,0,0,0,,0,0,29
23455,68556,확정,1,761,761,0,33,33,1,,0,761,1534
23458,68529,확정,1,669,669,0,10,10,1,,0,669,1880
23459,68585,확정,1,1172,1172,0,73,73,1,,0,1172,2342
23461,68589,확정,1,160,160,0,6,6,1,,0,160,342
23462,68501,확정,1,741,741,0,24,24,1,,0,741,1746
23475,68036,확정,1,640,640,0,29,29,1,,0,640,1206
23476,68050,높음,1,14,14,0,1,1,1,,0,14,14
23478,68043,확정,1,2752,2752,0,76,76,1,,0,2752,5026
23479,,미매칭,,0,0,0,0,0,0,,0,0,141
23484,68092,확정,1,878,878,0,56,56,1,,0,878,1475
23485,68093,확정,1,45,45,0,2,2,1,,0,45,45
23487,68096,확정,1,104,104,0,5,5,1,,0,104,248
23488,68097,확정,1,69,69,0,3,3,1,,0,69,108
23491,,미매칭,,0,0,0,0,0,0,,0,0,85
23496,63628,확정,1,827,827,0,48,48,1,,0,827,2704
23497,68616,확정,1,41,41,0,1,1,1,,0,41,126
23498,64615,확정,1,467,467,0,7,7,1,,0,467,997
23499,65618,확정,1,67,67,0,4,4,1,,0,67,364
23500,68659,확정,1,621,621,0,17,17,1,,0,621,2053
23501,68639,확정,1,1322,1322,0,89,89,1,,0,1322,2533
23502,,미매칭,,0,0,0,0,0,0,,0,0,53
23504,68619,확정,1,918,918,0,34,34,1,,0,918,2982
23512,65496,확정,1,1315,1315,0,79,79,1,,0,1315,2140
23513,68415,확정,1,802,802,0,20,20,1,,0,802,1340
23514,68454,확정,1,50,50,0,3,3,1,,0,50,75
23515,68403,확정,1,1288,1288,0,67,67,1,,0,1288,2465
23516,68406,확정,1,151,151,0,2,2,1,,0,151,151
23518,68419,확정,1,4921,4921,0,62,62,1,,0,4921,8087
23519,68413,확정,1,37,37,0,2,2,1,,0,37,109
23520,68409,높음,1,19,19,0,1,1,1,,0,19,30
23532,68830,확정,1,235,235,0,12,12,1,,0,235,622
23534,68815,확정,1,1395,1395,0,15,15,1,,0,1395,2538
23535,68801,확정,1,124,124,0,3,3,1,,0,124,394
23536,64805,확정,1,1536,1536,0,71,71,1,,0,1536,3164
23537,,미매칭,,0,0,0,0,0,0,,0,0,98
23538,68848,확정,1,30,30,0,1,1,1,,0,30,265
23540,68856,확정,1,2193,2193,0,88,88,1,,0,2193,4846
23542,68896,확정,1,916,916,0,54,54,1,,0,916,1711
23554,63292,확정,1,1376,1376,0,28,28,1,,0,1376,1994
23555,68220,확정,1,6129,6129,0,66,66,1,,0,6129,9626
23556,61962,확정,1,242,242,0,13,13,1,,0,242,493
23557,68240,확정,1,1325,1325,0,14,14,1,,0,1325,2075
23558,68242,확정,1,1873,1873,0,93,93,1,,0,1873,3225
23560,68260,확정,1,284,284,0,9,9,1,,0,284,529
23561,67263,확정,1,8018,8018,0,122,122,1,,0,8018,12331
23564,68269,확정,1,234,234,0,17,17,1,,0,234,774
23565,68200,확정,1,1231,1231,0,43,43,1,,0,1231,3210
23567,68797,확정,1,348,348,0,16,16,1,,0,348,665
23568,68703,확정,1,1021,1021,0,29,29,1,,0,1021,1526
23574,68701,확정,1,699,699,0,18,18,1,,0,699,935
23575,,미매칭,,0,0,0,0,0,0,,0,0,53
23589,68928,확정,0.9936638091688409,2666,2683,17,106,106,2,77211,17,2649,4500
23590,68900,확정,1,3956,3956,0,156,156,1,,0,3956,6013
23591,68908,높음,1,14,14,0,1,1,1,,0,14,46
23593,68902,확정,1,5563,5563,0,77,77,1,,0,5563,9505
23596,63936,확정,1,195,195,0,5,5,1,,0,195,297
23597,63961,확정,1,1526,1526,0,84,84,1,,0,1526,2969
23598,,미매칭,,0,0,0,0,0,0,,0,0,61
23599,68910,확정,1,39,39,0,2,2,1,,0,39,200
23600,65937,확정,1,35,35,0,1,1,1,,0,35,164
23614,65643,확정,1,1344,1344,0,85,85,1,,0,1344,2875
23615,68453,확정,1,34,34,0,2,2,1,,0,34,56
23617,68249,확정,1,1594,1594,0,41,41,1,,0,1594,2569
23618,64198,높음,1,19,19,0,1,1,1,,0,19,76
23624,68201,높음,1,17,17,0,1,1,1,,0,17,56
23627,62611,높음,0.9782190903267136,1527,1561,34,81,80,2,51594,34,1493,2597
23628,61295,확정,1,719,719,0,28,28,1,,0,719,1253
23630,66609,확정,1,1510,1510,0,99,99,1,,0,1510,4729
23631,63991,확정,1,1306,1306,0,48,48,1,,0,1306,3098
23632,63638,확정,1,1049,1049,0,70,70,1,,0,1049,3076
23633,543391,확정,1,10021,10021,0,106,106,1,,0,10021,15450
23634,69134,확정,1,2657,2657,0,121,121,1,,0,2657,4357
23636,69158,확정,1,406,406,0,20,20,1,,0,406,1222
23637,69159,확정,1,3078,3078,0,203,203,1,,0,3078,5587
23638,69168,확정,1,1905,1905,0,42,42,1,,0,1905,5021
23640,69104,확정,1,442,442,0,16,16,1,,0,442,994
23642,69108,확정,1,1653,1653,0,52,52,1,,0,1653,4239
23643,69111,확정,1,488,488,0,28,28,1,,0,488,1734
23644,69113,확정,1,1285,1285,0,33,33,1,,0,1285,3400
23648,66663,확정,1,219,219,0,9,9,1,,0,219,893
23650,69620,확정,1,1049,1049,0,27,27,1,,0,1049,3926
23651,545363,확정,1,1337,1337,0,14,14,1,,0,1337,2692
23652,69643,확정,1,39,39,0,1,1,1,,0,39,53
23653,69645,확정,1,486,486,0,21,21,1,,0,486,1202
23654,69646,확정,1,327,327,0,11,11,1,,0,327,1081
23655,69656,확정,1,781,781,0,8,8,1,,0,781,2764
23659,,미매칭,,0,0,0,0,0,0,,0,0,19
23660,,미매칭,,0,0,0,0,0,0,,0,0,40
23665,65665,확정,1,1478,1478,0,106,106,1,,0,1478,4127
23667,,미매칭,,0,0,0,0,0,0,,0,0,13
23670,,미매칭,,0,0,0,0,0,0,,0,0,28
23672,69539,확정,1,3770,3770,0,76,76,1,,0,3770,5675
23673,69550,확정,1,608,608,0,6,6,1,,0,608,1060
23676,69594,확정,1,669,669,0,29,29,1,,0,669,1027
23680,69507,높음,1,13,13,0,1,1,1,,0,13,169
23682,,미매칭,,0,0,0,0,0,0,,0,0,24
23684,69516,확정,1,405,405,0,14,14,1,,0,405,2082
23689,64554,확정,1,458,458,0,22,22,1,,0,458,946
23690,63791,확정,1,72,72,0,1,1,1,,0,72,361
23693,69737,확정,1,21,21,0,1,1,1,,0,21,21
23694,599683,확정,1,3553,3553,0,36,36,1,,0,3553,5884
23695,69745,확정,1,2384,2384,0,40,40,1,,0,2384,4384
23696,518445,확정,1,2756,2756,0,30,30,1,,0,2756,4253
23697,69762,확정,1,1086,1086,0,22,22,1,,0,1086,1807
23699,69767,확정,1,89,89,0,2,2,1,,0,89,355
23703,69703,확정,1,596,596,0,26,26,1,,0,596,827
23708,,미매칭,,0,0,0,0,0,0,,0,0,50
23713,69413,확정,1,1767,1767,0,18,18,1,,0,1767,2076
23714,64769,확정,1,65,65,0,1,1,1,,0,65,131
23717,69435,확정,1,740,740,0,8,8,1,,0,740,1575
23719,69446,확정,1,7959,7959,0,87,87,1,,0,7959,14775
23721,,미매칭,,0,0,0,0,0,0,,0,0,63
23727,68207,확정,1,103,103,0,5,5,1,,0,103,179
23729,68209,높음,1,12,12,0,1,1,1,,0,12,26
23731,69213,확정,1,397,397,0,22,22,1,,0,397,1233
23736,69204,확정,1,339,339,0,16,16,1,,0,339,784
23737,69205,확정,1,812,812,0,37,37,1,,0,812,1251
23738,69206,확정,1,66,66,0,3,3,1,,0,66,227
23740,69208,확정,1,23,23,0,2,2,1,,0,23,152
23743,69211,확정,1,133,133,0,3,3,1,,0,133,510
23745,518852,확정,1,7161,7161,0,77,77,1,,0,7161,12787
23747,69328,확정,1,360,360,0,17,17,1,,0,360,1212
23748,69399,확정,1,630,630,0,29,29,1,,0,630,2112
23749,69360,확정,1,1081,1081,0,33,33,1,,0,1081,2252
23751,69367,확정,1,889,889,0,14,14,1,,0,889,1959
23754,,미매칭,,0,0,0,0,0,0,,0,0,327
23758,621245,확정,1,1397,1397,0,16,16,1,,0,1397,2569
23759,69813,확정,1,863,863,0,52,52,1,,0,863,1702
23761,69839,확정,1,1303,1303,0,38,38,1,,0,1303,2165
23762,65897,확정,1,114,114,0,3,3,1,,0,114,351
23763,69860,높음,1,10,10,0,1,1,1,,0,10,26
23764,,미매칭,,0,0,0,0,0,0,,0,0,225
23765,,미매칭,,0,0,0,0,0,0,,0,0,131
23766,69934,확정,1,802,802,0,9,9,1,,0,802,1244
23767,69940,확정,1,7343,7343,0,76,76,1,,0,7343,11644
23769,69962,확정,1,5100,5100,0,97,97,1,,0,5100,8459
23771,69969,확정,1,736,736,0,27,27,1,,0,736,1071
23772,69974,확정,1,845,845,0,36,36,1,,0,845,1484
23775,69991,확정,1,70,70,0,3,3,1,,0,70,131
23777,,미매칭,,0,0,0,0,0,0,,0,0,22
23779,69996,확정,1,113,113,0,5,5,1,,0,113,208
23781,593417,확정,1,4767,4767,0,50,50,1,,0,4767,9749
23782,571035,확정,1,7870,7870,0,84,84,1,,0,7870,12393
23783,69047,확정,1,129,129,0,10,10,1,,0,129,332
23784,534648,확정,1,1216,1216,0,51,51,1,,0,1216,2462
23785,,미매칭,,0,0,0,0,0,0,,0,0,64
23786,69041,확정,1,1916,1916,0,96,96,1,,0,1916,3262
23787,69054,확정,1,986,986,0,52,52,1,,0,986,1862
23790,69068,확정,1,496,496,0,21,21,1,,0,496,936
23794,,미매칭,,0,0,0,0,0,0,,0,0,59
23819,,미매칭,,0,0,0,0,0,0,,0,0,292
23843,543184,확정,1,644,644,0,7,7,1,,0,644,1114
23848,75421,확정,1,2434,2434,0,144,144,1,,0,2434,4802
23849,594902,확정,1,1538,1538,0,16,16,1,,0,1538,3426
23850,69098,확정,1,147,147,0,5,5,1,,0,147,220
23852,50126,확정,1,4167,4167,0,53,53,1,,0,4167,7076
23853,50157,확정,1,3566,3566,0,68,68,1,,0,3566,6264
23856,50105,확정,1,71,71,0,3,3,1,,0,71,356
23857,50106,확정,1,1432,1432,0,79,79,1,,0,1432,3136
23858,50107,확정,1,325,325,0,16,16,1,,0,325,721
23860,50109,확정,1,571,571,0,25,25,1,,0,571,2173
23863,50114,확정,1,217,217,0,13,13,1,,0,217,662
23866,69803,확정,1,61,61,0,3,3,1,,0,61,108
23867,69801,확정,1,87,87,0,2,2,1,,0,87,263
23868,50430,확정,1,152,152,0,6,6,1,,0,152,369
23869,50441,확정,1,1669,1669,0,25,25,1,,0,1669,2868
23870,50449,확정,1,1508,1508,0,23,23,1,,0,1508,2380
23871,50464,확정,1,1289,1289,0,27,27,1,,0,1289,2497
23872,50411,확정,1,92,92,0,6,6,1,,0,92,280
23873,,미매칭,,0,0,0,0,0,0,,0,0,23
23874,50412,확정,1,32,32,0,1,1,1,,0,32,79
23879,64498,확정,1,43,43,0,1,1,1,,0,43,213
23880,571527,확정,1,6792,6792,0,68,68,1,,0,6792,11433
23884,50573,확정,1,23,23,0,1,1,1,,0,23,108
23885,,미매칭,,0,0,0,0,0,0,,0,0,30
23886,50592,확정,1,79,79,0,3,3,1,,0,79,141
23887,50563,확정,1,37,37,0,3,3,1,,0,37,121
23893,50556,확정,1,1786,1786,0,113,113,1,,0,1786,3654
23895,50596,확정,1,31,31,0,2,2,1,,0,31,181
23897,573185,확정,1,5051,5051,0,52,52,1,,0,5051,8632
23898,592716,확정,1,1375,1375,0,16,16,1,,0,1375,2202
23902,65411,확정,1,750,750,0,32,32,1,,0,750,1883
23903,50859,확정,1,5013,5013,0,66,66,1,,0,5013,9876
23904,50812,확정,1,387,387,0,17,17,1,,0,387,738
23908,50811,확정,1,26,26,0,1,1,1,,0,26,48
23909,50813,확정,1,208,208,0,4,4,1,,0,208,405
23910,,미매칭,,0,0,0,0,0,0,,0,0,99
23912,50818,확정,1,22,22,0,1,1,1,,0,22,22
23914,620982,확정,1,1561,1561,0,16,16,1,,0,1561,2949
23915,592468,확정,1,1380,1380,0,14,14,1,,0,1380,2828
23916,543193,확정,1,1601,1601,0,16,16,1,,0,1601,2809
23917,605156,확정,1,1033,1033,0,11,11,1,,0,1033,3437
23920,50622,높음,1,15,15,0,1,1,1,,0,15,84
23921,50604,높음,1,13,13,0,1,1,1,,0,13,107
23922,,미매칭,,0,0,0,0,0,0,,0,0,131
23923,50641,확정,1,26,26,0,1,1,1,,0,26,180
23927,50650,확정,1,84,84,0,2,2,1,,0,84,403
23929,50662,확정,1,1206,1206,0,79,79,1,,0,1206,4326
23930,50720,확정,1,902,902,0,19,19,1,,0,902,2685
23931,50758,확정,1,87,87,0,5,5,1,,0,87,154
23932,50726,확정,1,1507,1507,0,52,52,1,,0,1507,2478
23933,50710,확정,1,149,149,0,7,7,1,,0,149,378
23934,50711,확정,1,223,223,0,7,7,1,,0,223,361
23935,50705,확정,1,1931,1931,0,107,107,1,,0,1931,3744
23936,50712,확정,1,60,60,0,3,3,1,,0,60,70
23942,50706,확정,1,222,222,0,5,5,1,,0,222,556
23943,,미매칭,,0,0,0,0,0,0,,0,0,89
23944,623167,확정,1,1350,1350,0,15,15,1,,0,1350,1953
23947,50262,확정,1,213,213,0,6,6,1,,0,213,270
23950,,미매칭,,0,0,0,0,0,0,,0,0,60
23951,50296,확정,1,155,155,0,5,5,1,,0,155,688
23952,50298,확정,1,143,143,0,6,6,1,,0,143,391
23953,50203,확정,1,592,592,0,34,34,1,,0,592,1227
23954,50205,확정,1,304,304,0,16,16,1,,0,304,680
23955,50206,확정,1,250,250,0,13,13,1,,0,250,467
23959,50211,확정,1,111,111,0,3,3,1,,0,111,170
23962,605541,확정,1,1328,1328,0,14,14,1,,0,1328,2789
23963,50992,확정,1,916,916,0,17,17,1,,0,916,1397
23964,50995,확정,1,301,301,0,5,5,1,,0,301,336
23966,50901,확정,1,100,100,0,5,5,1,,0,100,143
23967,50900,표본 부족,1,7,7,0,1,1,1,,0,7,60
23968,50905,확정,1,241,241,0,3,3,1,,0,241,297
23972,50904,확정,1,499,499,0,24,24,1,,0,499,868
23977,50354,확정,1,888,888,0,20,20,1,,0,888,1731
23979,50360,확정,1,1971,1971,0,72,72,1,,0,1971,3616
23982,50393,확정,1,563,563,0,31,31,1,,0,563,985
23983,,미매칭,,0,0,0,0,0,0,,0,0,2
23984,,미매칭,,0,0,0,0,0,0,,0,0,128
23985,50397,확정,1,101,101,0,4,4,1,,0,101,416
23987,628333,확정,1,4993,4993,0,51,51,1,,0,4993,9769
23988,50030,확정,1,4260,4260,0,53,53,1,,0,4260,7139
23991,50036,확정,1,377,377,0,20,20,1,,0,377,684
24011,51154,확정,1,797,797,0,17,17,1,,0,797,1138
24012,51163,확정,1,335,335,0,9,9,1,,0,335,975
24013,51110,확정,1,574,574,0,11,11,1,,0,574,1803
24015,51104,높음,1,18,18,0,1,1,1,,0,18,28
24017,51109,확정,1,72,72,0,1,1,1,,0,72,303
24018,51111,확정,1,667,667,0,13,13,1,,0,667,2265
24020,51143,확정,1,931,931,0,13,13,1,,0,931,3126
24021,605498,확정,1,1127,1127,0,14,14,1,,0,1127,1966
24026,51058,확정,1,340,340,0,9,9,1,,0,340,606
24027,51060,확정,1,127,127,0,5,5,1,,0,127,174
24028,51097,확정,1,480,480,0,27,27,1,,0,480,764
24036,,미매칭,,0,0,0,0,0,0,,0,0,30
24038,51516,확정,1,1898,1898,0,64,64,1,,0,1898,4375
24039,51586,확정,1,201,201,0,8,8,1,,0,201,292
24042,51594,확정,1,248,248,0,23,23,1,,0,248,589
24043,575070,확정,1,1201,1201,0,16,16,1,,0,1201,2728
24044,51526,확정,1,386,386,0,20,20,1,,0,386,700
24045,51592,확정,1,30,30,0,1,1,1,,0,30,121
24047,51546,확정,1,197,197,0,10,10,1,,0,197,472
24048,51564,높음,1,12,12,0,1,1,1,,0,12,75
24051,51867,확정,1,359,359,0,8,8,1,,0,359,752
24052,592499,확정,1,96,96,0,2,2,1,,0,96,215
24053,521655,확정,1,2682,2682,0,27,27,1,,0,2682,5295
24055,51897,확정,1,674,674,0,44,44,1,,0,674,1812
24056,51895,확정,1,1303,1303,0,60,60,1,,0,1303,2502
24059,51809,확정,1,233,233,0,11,11,1,,0,233,618
24063,51454,확정,1,2265,2265,0,86,86,1,,0,2265,4020
24064,51460,확정,1,391,391,0,6,6,1,,0,391,676
24065,51462,확정,1,91,91,0,1,1,1,,0,91,189
24069,51408,확정,1,50,50,0,3,3,1,,0,50,55
24073,51411,확정,1,25,25,0,1,1,1,,0,25,25
24076,51948,확정,1,1423,1423,0,25,25,1,,0,1423,2550
24078,51994,확정,1,805,805,0,48,48,1,,0,805,1351
24084,51901,높음,1,17,17,0,1,1,1,,0,17,49
24085,641149,확정,1,1056,1056,0,11,11,1,,0,1056,3137
24086,51359,확정,1,1387,1387,0,34,34,1,,0,1387,2427
24088,51393,확정,1,439,439,0,22,22,1,,0,439,838
24089,51301,확정,1,1008,1008,0,62,62,1,,0,1008,2000
24094,51306,확정,1,105,105,0,2,2,1,,0,105,374
24097,595001,확정,1,101,101,0,1,1,1,,0,101,180
24099,51230,확정,1,1730,1730,0,28,28,1,,0,1730,3048
24100,51264,확정,1,2838,2838,0,67,67,1,,0,2838,4480
24102,51294,확정,1,193,193,0,8,8,1,,0,193,212
24104,,미매칭,,0,0,0,0,0,0,,0,0,86
24105,,미매칭,,0,0,0,0,0,0,,0,0,175
24107,51299,높음,1,18,18,0,1,1,1,,0,18,76
24109,664641,확정,1,1922,1922,0,19,19,1,,0,1922,3093
24110,621141,확정,1,1249,1249,0,13,13,1,,0,1249,2019
24112,51204,확정,1,69,69,0,2,2,1,,0,69,286
24113,51202,확정,1,89,89,0,6,6,1,,0,89,246
24115,51648,확정,1,2401,2401,0,27,27,1,,0,2401,7126
24116,,미매칭,,0,0,0,0,0,0,,0,0,192
24117,51665,확정,1,86,86,0,4,4,1,,0,86,547
24118,51668,확정,1,74,74,0,4,4,1,,0,74,530
24126,596043,확정,1,653,653,0,7,7,1,,0,653,1977
24129,51715,확정,1,2245,2245,0,52,52,1,,0,2245,3552
24131,,미매칭,,0,0,0,0,0,0,,0,0,145
24133,51761,확정,1,512,512,0,17,17,1,,0,512,971
24135,,미매칭,,0,0,0,0,0,0,,0,0,108
24136,51713,확정,1,1163,1163,0,65,65,1,,0,1163,1960
24140,543001,확정,1,1709,1709,0,18,18,1,,0,1709,3330
24146,543557,확정,1,693,693,0,9,9,1,,0,693,1086
24147,543208,확정,1,653,653,0,8,8,1,,0,653,1286
24151,649963,확정,1,100,100,0,1,1,1,,0,100,661
24152,52149,확정,1,458,458,0,9,9,1,,0,458,1619
24153,52140,높음,1,12,12,0,1,1,1,,0,12,267
24154,52163,높음,1,13,13,0,1,1,1,,0,13,191
24156,52168,확정,1,44,44,0,1,1,1,,0,44,82
24157,52119,확정,1,110,110,0,8,8,1,,0,110,785
24161,52123,확정,1,54,54,0,3,3,1,,0,54,357
24164,592644,확정,1,2878,2878,0,30,30,1,,0,2878,4550
24165,52867,높음,1,17,17,0,1,1,1,,0,17,158
24166,52873,확정,1,498,498,0,16,16,1,,0,498,812
24167,52844,높음,1,14,14,0,1,1,1,,0,14,297
24168,,미매칭,,0,0,0,0,0,0,,0,0,43
24169,52868,확정,1,328,328,0,8,8,1,,0,328,829
24170,52895,확정,1,29,29,0,1,1,1,,0,29,58
24172,,미매칭,,0,0,0,0,0,0,,0,0,25
24173,52809,확정,1,80,80,0,2,2,1,,0,80,367
24178,52330,확정,1,905,905,0,48,48,1,,0,905,1747
24179,52394,확정,1,53,53,0,3,3,1,,0,53,427
24181,52391,확정,1,86,86,0,3,3,1,,0,86,86
24183,52395,확정,1,603,603,0,22,22,1,,0,603,1004
24184,52396,확정,1,65,65,0,3,3,1,,0,65,65
24185,52397,확정,1,952,952,0,47,47,1,,0,952,1877
24193,621169,확정,1,1263,1263,0,17,17,1,,0,1263,2369
24197,52994,확정,1,239,239,0,6,6,1,,0,239,464
24198,,미매칭,,0,0,0,0,0,0,,0,0,87
24201,52902,확정,1,48,48,0,2,2,1,,0,48,71
24202,52901,높음,1,16,16,0,1,1,1,,0,16,48
24203,52905,확정,1,69,69,0,1,1,1,,0,69,92
24205,52903,확정,1,660,660,0,38,38,1,,0,660,1032
24209,52530,확정,1,991,991,0,32,32,1,,0,991,1447
24211,52558,확정,1,553,553,0,25,25,1,,0,553,966
24213,,미매칭,,0,0,0,0,0,0,,0,0,47
24222,656212,확정,1,4437,4437,0,48,48,1,,0,4437,8098
24223,642098,확정,1,894,894,0,11,11,1,,0,894,1552
24224,52204,확정,1,1184,1184,0,79,79,1,,0,1184,1924
24226,52295,확정,1,34,34,0,1,1,1,,0,34,433
24229,,미매칭,,0,0,0,0,0,0,,0,0,105
24234,52206,확정,1,949,949,0,54,54,1,,0,949,1501
24237,476594,확정,1,1602,1602,0,16,16,1,,0,1602,2876
24239,467100,확정,1,450,450,0,5,5,1,,0,450,1046
24240,52701,확정,1,3071,3071,0,40,40,1,,0,3071,4562
24241,52731,확정,1,251,251,0,7,7,1,,0,251,593
24244,52702,확정,1,74,74,0,3,3,1,,0,74,85
24246,,미매칭,,0,0,0,0,0,0,,0,0,37
24247,52714,확정,1,150,150,0,2,2,1,,0,150,208
24248,52715,확정,1,37,37,0,1,1,1,,0,37,359
24252,52060,확정,1,1879,1879,0,106,106,1,,0,1879,3420
24253,52063,확정,1,91,91,0,2,2,1,,0,91,188
24254,52065,높음,1,14,14,0,1,1,1,,0,14,14
24258,52007,높음,1,19,19,0,2,2,1,,0,19,19
24259,52003,확정,1,56,56,0,1,1,1,,0,56,122
24262,52005,확정,1,21,21,0,1,1,1,,0,21,39
24265,52639,확정,1,720,720,0,41,41,1,,0,720,2099
24267,,미매칭,,0,0,0,0,0,0,,0,0,72
24268,52661,확정,1,73,73,0,2,2,1,,0,73,169
24269,543594,확정,1,693,693,0,7,7,1,,0,693,1987
24271,657122,확정,1,166,166,0,2,2,1,,0,166,862
24276,52440,확정,1,81,81,0,1,1,1,,0,81,81
24277,52460,확정,1,111,111,0,7,7,1,,0,111,208
24281,,미매칭,,0,0,0,0,0,0,,0,0,63
24283,544150,확정,1,2101,2101,0,22,22,1,,0,2101,4840
24286,52641,확정,1,681,681,0,11,11,1,,0,681,2563
24293,,미매칭,,0,0,0,0,0,0,,0,0,17
24300,605138,확정,1,3796,3796,0,44,44,1,,0,3796,6592
24303,606162,확정,1,730,730,0,8,8,1,,0,730,1164
24305,570240,확정,1,2772,2772,0,32,32,1,,0,2772,4799
24306,623381,확정,1,632,632,0,7,7,1,,0,632,2820
24307,596049,확정,1,771,771,0,8,8,1,,0,771,1178
24310,663399,확정,1,2723,2723,0,28,28,1,,0,2723,4106
24311,,미매칭,,0,0,0,0,0,0,,0,0,35
24313,571616,확정,1,466,466,0,5,5,1,,0,466,743
24314,53919,확정,1,344,344,0,6,6,1,,0,344,413
24317,53973,확정,1,148,148,0,3,3,1,,0,148,291
24319,53996,확정,1,1237,1237,0,39,39,1,,0,1237,1772
24327,607200,확정,1,1870,1870,0,19,19,1,,0,1870,2904
24328,53259,확정,1,534,534,0,8,8,1,,0,534,1282
24329,53262,확정,1,816,816,0,20,20,1,,0,816,1161
24333,53297,높음,1,14,14,0,1,1,1,,0,14,19
24334,53298,확정,1,37,37,0,4,4,1,,0,37,201
24338,,미매칭,,0,0,0,0,0,0,,0,0,56
24339,,미매칭,,0,0,0,0,0,0,,0,0,86
24340,668766,확정,1,89,89,0,1,1,1,,0,89,175
24343,53164,확정,1,484,484,0,10,10,1,,0,484,1125
24344,53139,확정,1,917,917,0,61,61,1,,0,917,1467
24346,,미매칭,,0,0,0,0,0,0,,0,0,80
24349,53102,확정,1,129,129,0,3,3,1,,0,129,271
24355,53754,확정,1,921,921,0,42,42,1,,0,921,1361
24358,,미매칭,,0,0,0,0,0,0,,0,0,55
24369,53711,높음,1,14,14,0,1,1,1,,0,14,137
24370,,미매칭,,0,0,0,0,0,0,,0,0,60
24373,53562,확정,1,73,73,0,6,6,1,,0,73,147
24374,,미매칭,,0,0,0,0,0,0,,0,0,28
24376,53594,확정,1,110,110,0,8,8,1,,0,110,228
24377,53560,확정,1,79,79,0,4,4,1,,0,79,139
24380,53596,확정,1,35,35,0,1,1,1,,0,35,37
24387,658431,확정,1,460,460,0,5,5,1,,0,460,1003
24388,641312,확정,1,693,693,0,7,7,1,,0,693,1312
24389,53613,확정,1,904,904,0,11,11,1,,0,904,3491
24390,,미매칭,,0,0,0,0,0,0,,0,0,21
24391,,미매칭,,0,0,0,0,0,0,,0,0,35
24392,53609,확정,1,386,386,0,27,27,1,,0,386,1338
24394,,미매칭,,0,0,0,0,0,0,,0,0,55
24398,53312,확정,1,45,45,0,3,3,1,,0,45,112
24399,53300,확정,1,278,278,0,10,10,1,,0,278,346
24401,53301,확정,1,233,233,0,13,13,1,,0,233,360
24410,642558,확정,1,3011,3011,0,32,32,1,,0,3011,5691
24411,53455,확정,1,886,886,0,16,16,1,,0,886,1224
24412,53469,높음,1,13,13,0,2,2,1,,0,13,84
24420,53409,확정,1,85,85,0,1,1,1,,0,85,85
24423,642203,확정,1,1094,1094,0,12,12,1,,0,1094,1956
24424,676641,확정,1,327,327,0,4,4,1,,0,327,815
24425,53029,확정,1,105,105,0,3,3,1,,0,105,199
24433,,미매칭,,0,0,0,0,0,0,,0,0,42
24434,53006,확정,1,190,190,0,7,7,1,,0,190,342
24440,668948,확정,1,1703,1703,0,18,18,1,,0,1703,2246
24444,53892,확정,1,1403,1403,0,69,69,1,,0,1403,2245
24446,53897,확정,1,37,37,0,1,1,1,,0,37,106
24447,53898,확정,1,1786,1786,0,30,30,1,,0,1786,2785
24449,,미매칭,,0,0,0,0,0,0,,0,0,33
24450,53806,확정,1,21,21,0,1,1,1,,0,21,60
24451,,미매칭,,0,0,0,0,0,0,,0,0,18
24452,53809,확정,1,130,130,0,4,4,1,,0,130,167
24459,645307,확정,1,1998,1998,0,23,23,1,,0,1998,3085
24460,606273,확정,1,2435,2435,0,26,26,1,,0,2435,4162
24461,641855,확정,1,638,638,0,7,7,1,,0,638,1089
24463,532936,확정,1,477,477,0,5,5,1,,0,477,1071
24465,658792,확정,1,2806,2806,0,29,29,1,,0,2806,4420
24467,668684,확정,1,566,566,0,6,6,1,,0,566,1012
24469,54561,확정,1,400,400,0,22,22,1,,0,400,619
24477,54503,높음,1,11,11,0,1,1,1,,0,11,32
24478,54504,확정,1,41,41,0,1,1,1,,0,41,78
24482,54537,확정,1,319,319,0,13,13,1,,0,319,425
24483,608650,확정,1,2318,2318,0,24,24,1,,0,2318,2906
24484,683412,확정,1,432,432,0,11,11,1,,0,432,857
24485,54149,확정,1,525,525,0,27,27,1,,0,525,837
24486,54103,확정,1,77,77,0,3,3,1,,0,77,142
24487,54104,확정,1,80,80,0,6,6,1,,0,80,363
24488,54105,확정,1,397,397,0,17,17,1,,0,397,856
24494,667498,확정,1,309,309,0,4,4,1,,0,309,457
24498,54802,확정,1,51,51,0,2,2,1,,0,51,107
24499,54803,확정,1,203,203,0,4,4,1,,0,203,246
24502,54807,확정,1,34,34,0,3,3,1,,0,34,181
24508,641447,확정,1,1107,1107,0,12,12,1,,0,1107,1783
24509,606996,확정,1,1385,1385,0,15,15,1,,0,1385,2465
24512,54900,확정,1,521,521,0,9,9,1,,0,521,750
24515,54903,확정,1,135,135,0,8,8,1,,0,135,155
24516,54904,확정,1,86,86,0,5,5,1,,0,86,132
24518,54906,확정,1,87,87,0,2,2,1,,0,87,87
24525,54913,확정,1,31,31,0,3,3,1,,0,31,112
24527,54263,확정,1,626,626,0,33,33,1,,0,626,1238
24531,54213,확정,1,76,76,0,5,5,1,,0,76,119
24533,54215,확정,1,61,61,0,1,1,1,,0,61,137
24535,,미매칭,,0,0,0,0,0,0,,0,0,45
24537,54404,확정,1,239,239,0,8,8,1,,0,239,355
24540,660593,확정,1,1534,1534,0,16,16,1,,0,1534,2429
24541,657756,확정,1,1612,1612,0,17,17,1,,0,1612,2604
24544,54729,확정,1,1098,1098,0,27,27,1,,0,1098,1412
24546,54768,확정,1,706,706,0,19,19,1,,0,706,882
24552,54705,확정,1,21,21,0,1,1,1,,0,21,85
24557,,미매칭,,0,0,0,0,0,0,,0,0,13
24559,640444,확정,1,165,165,0,2,2,1,,0,165,710
24560,664942,확정,1,763,763,0,8,8,1,,0,763,2398
24564,,미매칭,,0,0,0,0,0,0,,0,0,33
24565,,미매칭,,0,0,0,0,0,0,,0,0,50
24566,54608,확정,1,22,22,0,1,1,1,,0,22,106
24568,54319,확정,1,723,723,0,9,9,1,,0,723,1311
24570,646241,확정,1,2025,2025,0,21,21,1,,0,2025,2832
24571,54362,확정,1,276,276,0,8,8,1,,0,276,675
24572,54363,확정,1,166,166,0,3,3,1,,0,166,348
24573,54368,확정,1,347,347,0,21,21,1,,0,347,597
24577,54302,확정,1,21,21,0,1,1,1,,0,21,94
24579,54304,확정,1,55,55,0,3,3,1,,0,55,220
24580,54350,확정,1,41,41,0,3,3,1,,0,41,99
24585,54505,표본 부족,1,8,8,0,1,1,1,,0,8,20
24587,,미매칭,,0,0,0,0,0,0,,0,0,20
24591,54406,확정,1,31,31,0,1,1,1,,0,31,31
24596,54401,확정,1,38,38,0,1,1,1,,0,38,125
24597,54403,높음,1,19,19,0,1,1,1,,0,19,19
24598,,미매칭,,0,0,0,0,0,0,,0,0,69
24602,,미매칭,,0,0,0,0,0,0,,0,0,41
24604,547943,확정,1,1306,1306,0,14,14,1,,0,1306,2599
24605,54221,확정,1,24,24,0,1,1,1,,0,24,24
24607,54063,확정,1,810,810,0,14,14,1,,0,810,1248
24608,54064,확정,1,239,239,0,5,5,1,,0,239,766
24609,,미매칭,,0,0,0,0,0,0,,0,0,36
24618,,미매칭,,0,0,0,0,0,0,,0,0,9
24619,623454,확정,1,1329,1329,0,16,16,1,,0,1329,2029
24621,54014,높음,1,12,12,0,1,1,1,,0,12,27
24622,54843,확정,1,577,577,0,7,7,1,,0,577,1053
24623,642545,확정,1,809,809,0,10,10,1,,0,809,1602
24624,682027,확정,1,360,360,0,4,4,1,,0,360,748
24625,,미매칭,,0,0,0,0,0,0,,0,0,97
24626,680802,확정,1,1091,1091,0,12,12,1,,0,1091,1463
24627,666364,확정,1,487,487,0,6,6,1,,0,487,1067
24629,622694,확정,1,510,510,0,7,7,1,,0,510,792
24631,641778,확정,1,89,89,0,1,1,1,,0,89,608
24633,657770,확정,1,39,39,0,1,1,1,,0,39,327